module,total_files,candidate_files,high_priority_files,mid_priority_files,candidate_ratio,file_path,file_priority,why_candidate
registration,145,70,10,60,48.3%,registration/include/pcl/registration/impl/correspondence_estimation.hpp,high,循环6处，数学/几何计算密集，建议优先优化
registration,145,70,10,60,48.3%,registration/include/pcl/registration/impl/correspondence_estimation_backprojection.hpp,high,循环4处，数学/几何计算密集，建议优先优化
registration,145,70,10,60,48.3%,registration/include/pcl/registration/impl/correspondence_estimation_normal_shooting.hpp,high,循环4处，数学/几何计算密集，建议优先优化
registration,145,70,10,60,48.3%,registration/include/pcl/registration/impl/gicp.hpp,high,循环24处，数学/几何计算密集，建议优先优化
registration,145,70,10,60,48.3%,registration/include/pcl/registration/impl/ia_fpcs.hpp,high,循环24处，数学/几何计算密集，建议优先优化
registration,145,70,10,60,48.3%,registration/include/pcl/registration/impl/ia_kfpcs.hpp,high,循环10处，数学/几何计算密集，建议优先优化
registration,145,70,10,60,48.3%,registration/include/pcl/registration/impl/icp.hpp,high,循环7处，数学/几何计算密集，建议优先优化
registration,145,70,10,60,48.3%,registration/include/pcl/registration/impl/joint_icp.hpp,high,循环13处，数学/几何计算密集，建议优先优化
registration,145,70,10,60,48.3%,registration/include/pcl/registration/impl/ndt.hpp,high,循环10处，数学/几何计算密集，建议优先优化
registration,145,70,10,60,48.3%,registration/include/pcl/registration/impl/ndt_2d.hpp,high,循环13处，数学/几何计算密集，建议优先优化
registration,145,70,10,60,48.3%,registration/include/pcl/registration/bfgs.h,mid,存在可向量化路径（循环3，数学项29），建议次优先
registration,145,70,10,60,48.3%,registration/include/pcl/registration/correspondence_estimation.h,mid,存在可向量化路径（循环0，数学项4），建议次优先
registration,145,70,10,60,48.3%,registration/include/pcl/registration/correspondence_estimation_backprojection.h,mid,存在可向量化路径（循环0，数学项2），建议次优先
registration,145,70,10,60,48.3%,registration/include/pcl/registration/correspondence_estimation_normal_shooting.h,mid,存在可向量化路径（循环0，数学项2），建议次优先
registration,145,70,10,60,48.3%,registration/include/pcl/registration/correspondence_estimation_organized_projection.h,mid,存在可向量化路径（循环0，数学项7），建议次优先
registration,145,70,10,60,48.3%,registration/include/pcl/registration/correspondence_rejection_features.h,mid,存在可向量化路径（循环0，数学项8），建议次优先
registration,145,70,10,60,48.3%,registration/include/pcl/registration/correspondence_rejection_poly.h,mid,存在可向量化路径（循环3，数学项0），建议次优先
registration,145,70,10,60,48.3%,registration/include/pcl/registration/correspondence_rejection_sample_consensus.h,mid,存在可向量化路径（循环0，数学项3），建议次优先
registration,145,70,10,60,48.3%,registration/include/pcl/registration/correspondence_rejection_sample_consensus_2d.h,mid,存在可向量化路径（循环0，数学项2），建议次优先
registration,145,70,10,60,48.3%,registration/include/pcl/registration/default_convergence_criteria.h,mid,存在可向量化路径（循环1，数学项3），建议次优先
registration,145,70,10,60,48.3%,registration/include/pcl/registration/elch.h,mid,存在可向量化路径（循环0，数学项4），建议次优先
registration,145,70,10,60,48.3%,registration/include/pcl/registration/gicp.h,mid,存在可向量化路径（循环1，数学项29），建议次优先
registration,145,70,10,60,48.3%,registration/include/pcl/registration/ia_fpcs.h,mid,存在可向量化路径（循环0，数学项4），建议次优先
registration,145,70,10,60,48.3%,registration/include/pcl/registration/ia_kfpcs.h,mid,存在可向量化路径（循环0，数学项2），建议次优先
registration,145,70,10,60,48.3%,registration/include/pcl/registration/ia_ransac.h,mid,存在可向量化路径（循环0，数学项2），建议次优先
registration,145,70,10,60,48.3%,registration/include/pcl/registration/icp.h,mid,存在可向量化路径（循环2，数学项3），建议次优先
registration,145,70,10,60,48.3%,registration/include/pcl/registration/impl/correspondence_estimation_organized_projection.hpp,mid,存在可向量化路径（循环1，数学项4），建议次优先
registration,145,70,10,60,48.3%,registration/include/pcl/registration/impl/correspondence_rejection_poly.hpp,mid,存在可向量化路径（循环8，数学项3），建议次优先
registration,145,70,10,60,48.3%,registration/include/pcl/registration/impl/correspondence_rejection_sample_consensus.hpp,mid,存在可向量化路径（循环4，数学项1），建议次优先
registration,145,70,10,60,48.3%,registration/include/pcl/registration/impl/correspondence_rejection_sample_consensus_2d.hpp,mid,存在可向量化路径（循环3，数学项2），建议次优先
registration,145,70,10,60,48.3%,registration/include/pcl/registration/impl/correspondence_types.hpp,mid,存在可向量化路径（循环3，数学项1），建议次优先
registration,145,70,10,60,48.3%,registration/include/pcl/registration/impl/elch.hpp,mid,存在可向量化路径（循环13，数学项17），建议次优先
registration,145,70,10,60,48.3%,registration/include/pcl/registration/impl/ia_ransac.hpp,mid,存在可向量化路径（循环5，数学项4），建议次优先
registration,145,70,10,60,48.3%,registration/include/pcl/registration/impl/lum.hpp,mid,存在可向量化路径（循环9，数学项42），建议次优先
registration,145,70,10,60,48.3%,registration/include/pcl/registration/impl/pairwise_graph_registration.hpp,mid,存在可向量化路径（循环1，数学项3），建议次优先
registration,145,70,10,60,48.3%,registration/include/pcl/registration/impl/ppf_registration.hpp,mid,存在可向量化路径（循环12，数学项39），建议次优先
registration,145,70,10,60,48.3%,registration/include/pcl/registration/impl/pyramid_feature_matching.hpp,mid,存在可向量化路径（循环13，数学项4），建议次优先
registration,145,70,10,60,48.3%,registration/include/pcl/registration/impl/registration.hpp,mid,存在可向量化路径（循环3，数学项6），建议次优先
registration,145,70,10,60,48.3%,registration/include/pcl/registration/impl/sample_consensus_prerejective.hpp,mid,存在可向量化路径（循环6，数学项6），建议次优先
registration,145,70,10,60,48.3%,registration/include/pcl/registration/impl/transformation_estimation_2D.hpp,mid,存在可向量化路径（循环0，数学项16），建议次优先
registration,145,70,10,60,48.3%,registration/include/pcl/registration/impl/transformation_estimation_3point.hpp,mid,存在可向量化路径（循环0，数学项17），建议次优先
registration,145,70,10,60,48.3%,registration/include/pcl/registration/impl/transformation_estimation_dual_quaternion.hpp,mid,存在可向量化路径（循环3，数学项15），建议次优先
registration,145,70,10,60,48.3%,registration/include/pcl/registration/impl/transformation_estimation_lm.hpp,mid,存在可向量化路径（循环6，数学项17），建议次优先
registration,145,70,10,60,48.3%,registration/include/pcl/registration/impl/transformation_estimation_point_to_plane_lls.hpp,mid,存在可向量化路径（循环2，数学项4），建议次优先
registration,145,70,10,60,48.3%,registration/include/pcl/registration/impl/transformation_estimation_point_to_plane_lls_weighted.hpp,mid,存在可向量化路径（循环2，数学项3），建议次优先
registration,145,70,10,60,48.3%,registration/include/pcl/registration/impl/transformation_estimation_point_to_plane_weighted.hpp,mid,存在可向量化路径（循环7，数学项13），建议次优先
registration,145,70,10,60,48.3%,registration/include/pcl/registration/impl/transformation_estimation_svd.hpp,mid,存在可向量化路径（循环2，数学项32），建议次优先
registration,145,70,10,60,48.3%,registration/include/pcl/registration/impl/transformation_estimation_svd_scale.hpp,mid,存在可向量化路径（循环2，数学项24），建议次优先
registration,145,70,10,60,48.3%,registration/include/pcl/registration/impl/transformation_estimation_symmetric_point_to_plane_lls.hpp,mid,存在可向量化路径（循环1，数学项15），建议次优先
registration,145,70,10,60,48.3%,registration/include/pcl/registration/impl/transformation_validation_euclidean.hpp,mid,存在可向量化路径（循环2，数学项2），建议次优先
registration,145,70,10,60,48.3%,registration/include/pcl/registration/incremental_registration.h,mid,存在可向量化路径（循环1，数学项0），建议次优先
registration,145,70,10,60,48.3%,registration/include/pcl/registration/joint_icp.h,mid,存在可向量化路径（循环0，数学项0），建议次优先
registration,145,70,10,60,48.3%,registration/include/pcl/registration/lum.h,mid,存在可向量化路径（循环1，数学项14），建议次优先
registration,145,70,10,60,48.3%,registration/include/pcl/registration/meta_registration.h,mid,存在可向量化路径（循环1，数学项0），建议次优先
registration,145,70,10,60,48.3%,registration/include/pcl/registration/ndt.h,mid,存在可向量化路径（循环0，数学项45），建议次优先
registration,145,70,10,60,48.3%,registration/include/pcl/registration/ndt_2d.h,mid,存在可向量化路径（循环0，数学项10），建议次优先
registration,145,70,10,60,48.3%,registration/include/pcl/registration/pairwise_graph_registration.h,mid,存在可向量化路径（循环0，数学项0），建议次优先
registration,145,70,10,60,48.3%,registration/include/pcl/registration/ppf_registration.h,mid,存在可向量化路径（循环0，数学项9），建议次优先
registration,145,70,10,60,48.3%,registration/include/pcl/registration/registration.h,mid,存在可向量化路径（循环1，数学项7），建议次优先
registration,145,70,10,60,48.3%,registration/include/pcl/registration/sample_consensus_prerejective.h,mid,存在可向量化路径（循环0，数学项1），建议次优先
registration,145,70,10,60,48.3%,registration/include/pcl/registration/transformation_estimation_2D.h,mid,存在可向量化路径（循环0，数学项12），建议次优先
registration,145,70,10,60,48.3%,registration/include/pcl/registration/transformation_estimation_3point.h,mid,存在可向量化路径（循环0，数学项0），建议次优先
registration,145,70,10,60,48.3%,registration/include/pcl/registration/transformation_estimation_dual_quaternion.h,mid,存在可向量化路径（循环0，数学项0），建议次优先
registration,145,70,10,60,48.3%,registration/include/pcl/registration/transformation_estimation_lm.h,mid,存在可向量化路径（循环0，数学项14），建议次优先
registration,145,70,10,60,48.3%,registration/include/pcl/registration/transformation_estimation_point_to_plane_lls.h,mid,存在可向量化路径（循环0，数学项4），建议次优先
registration,145,70,10,60,48.3%,registration/include/pcl/registration/transformation_estimation_point_to_plane_lls_weighted.h,mid,存在可向量化路径（循环0，数学项4），建议次优先
registration,145,70,10,60,48.3%,registration/include/pcl/registration/transformation_estimation_point_to_plane_weighted.h,mid,存在可向量化路径（循环0，数学项12），建议次优先
registration,145,70,10,60,48.3%,registration/include/pcl/registration/transformation_estimation_svd.h,mid,存在可向量化路径（循环0，数学项17），建议次优先
registration,145,70,10,60,48.3%,registration/include/pcl/registration/transformation_estimation_symmetric_point_to_plane_lls.h,mid,存在可向量化路径（循环0，数学项5），建议次优先
registration,145,70,10,60,48.3%,registration/include/pcl/registration/transformation_validation_euclidean.h,mid,存在可向量化路径（循环0，数学项5），建议次优先
surface,346,51,11,40,14.7%,surface/include/pcl/surface/impl/gp3.hpp,high,循环41处，数学/几何计算密集，建议优先优化
surface,346,51,11,40,14.7%,surface/include/pcl/surface/impl/grid_projection.hpp,high,循环29处，数学/几何计算密集，建议优先优化
surface,346,51,11,40,14.7%,surface/include/pcl/surface/impl/mls.hpp,high,循环24处，数学/几何计算密集，建议优先优化
surface,346,51,11,40,14.7%,surface/include/pcl/surface/impl/texture_mapping.hpp,high,循环30处，数学/几何计算密集，建议优先优化
surface,346,51,11,40,14.7%,surface/src/on_nurbs/fitting_curve_2d_apdm.cpp,high,循环35处，数学/几何计算密集，建议优先优化
surface,346,51,11,40,14.7%,surface/src/on_nurbs/fitting_curve_2d_pdm.cpp,high,循环27处，数学/几何计算密集，建议优先优化
surface,346,51,11,40,14.7%,surface/src/on_nurbs/fitting_cylinder_pdm.cpp,high,循环26处，数学/几何计算密集，建议优先优化
surface,346,51,11,40,14.7%,surface/src/on_nurbs/fitting_surface_pdm.cpp,high,循环52处，数学/几何计算密集，建议优先优化
surface,346,51,11,40,14.7%,surface/src/on_nurbs/global_optimization_tdm.cpp,high,循环34处，数学/几何计算密集，建议优先优化
surface,346,51,11,40,14.7%,surface/src/on_nurbs/triangulation.cpp,high,循环25处，数学/几何计算密集，建议优先优化
surface,346,51,11,40,14.7%,surface/src/vtk_smoothing/vtk_utils.cpp,high,循环10处，数学/几何计算密集，建议优先优化
surface,346,51,11,40,14.7%,surface/include/pcl/surface/bilateral_upsampling.h,mid,存在可向量化路径（循环0，数学项12），建议次优先
surface,346,51,11,40,14.7%,surface/include/pcl/surface/convex_hull.h,mid,存在可向量化路径（循环0，数学项8），建议次优先
surface,346,51,11,40,14.7%,surface/include/pcl/surface/gp3.h,mid,存在可向量化路径（循环0，数学项47），建议次优先
surface,346,51,11,40,14.7%,surface/include/pcl/surface/grid_projection.h,mid,存在可向量化路径（循环2，数学项70），建议次优先
surface,346,51,11,40,14.7%,surface/include/pcl/surface/impl/bilateral_upsampling.hpp,mid,存在可向量化路径（循环9，数学项13），建议次优先
surface,346,51,11,40,14.7%,surface/include/pcl/surface/impl/concave_hull.hpp,mid,存在可向量化路径（循环9，数学项11），建议次优先
surface,346,51,11,40,14.7%,surface/include/pcl/surface/impl/convex_hull.hpp,mid,存在可向量化路径（循环8，数学项20），建议次优先
surface,346,51,11,40,14.7%,surface/include/pcl/surface/impl/marching_cubes.hpp,mid,存在可向量化路径（循环8，数学项24），建议次优先
surface,346,51,11,40,14.7%,surface/include/pcl/surface/impl/marching_cubes_hoppe.hpp,mid,存在可向量化路径（循环3，数学项10），建议次优先
surface,346,51,11,40,14.7%,surface/include/pcl/surface/impl/marching_cubes_rbf.hpp,mid,存在可向量化路径（循环7，数学项18），建议次优先
surface,346,51,11,40,14.7%,surface/include/pcl/surface/impl/organized_fast_mesh.hpp,mid,存在可向量化路径（循环9，数学项1），建议次优先
surface,346,51,11,40,14.7%,surface/include/pcl/surface/impl/poisson.hpp,mid,存在可向量化路径（循环8，数学项38），建议次优先
surface,346,51,11,40,14.7%,surface/include/pcl/surface/impl/surfel_smoothing.hpp,mid,存在可向量化路径（循环12，数学项21），建议次优先
surface,346,51,11,40,14.7%,surface/include/pcl/surface/marching_cubes.h,mid,存在可向量化路径（循环0，数学项13），建议次优先
surface,346,51,11,40,14.7%,surface/include/pcl/surface/marching_cubes_hoppe.h,mid,存在可向量化路径（循环0，数学项10），建议次优先
surface,346,51,11,40,14.7%,surface/include/pcl/surface/mls.h,mid,存在可向量化路径（循环2，数学项75），建议次优先
surface,346,51,11,40,14.7%,surface/include/pcl/surface/organized_fast_mesh.h,mid,存在可向量化路径（循环1，数学项52），建议次优先
surface,346,51,11,40,14.7%,surface/include/pcl/surface/poisson.h,mid,存在可向量化路径（循环0，数学项9），建议次优先
surface,346,51,11,40,14.7%,surface/include/pcl/surface/processing.h,mid,存在可向量化路径（循环0，数学项7），建议次优先
surface,346,51,11,40,14.7%,surface/include/pcl/surface/reconstruction.h,mid,存在可向量化路径（循环0，数学项5），建议次优先
surface,346,51,11,40,14.7%,surface/include/pcl/surface/texture_mapping.h,mid,存在可向量化路径（循环0，数学项40），建议次优先
surface,346,51,11,40,14.7%,surface/src/ear_clipping.cpp,mid,存在可向量化路径（循环5，数学项26），建议次优先
surface,346,51,11,40,14.7%,surface/src/on_nurbs/closing_boundary.cpp,mid,存在可向量化路径（循环18，数学项103），建议次优先
surface,346,51,11,40,14.7%,surface/src/on_nurbs/fitting_curve_2d.cpp,mid,存在可向量化路径（循环23，数学项104），建议次优先
surface,346,51,11,40,14.7%,surface/src/on_nurbs/fitting_curve_2d_asdm.cpp,mid,存在可向量化路径（循环9，数学项40），建议次优先
surface,346,51,11,40,14.7%,surface/src/on_nurbs/fitting_curve_2d_atdm.cpp,mid,存在可向量化路径（循环8，数学项26），建议次优先
surface,346,51,11,40,14.7%,surface/src/on_nurbs/fitting_curve_2d_sdm.cpp,mid,存在可向量化路径（循环8，数学项22），建议次优先
surface,346,51,11,40,14.7%,surface/src/on_nurbs/fitting_curve_2d_tdm.cpp,mid,存在可向量化路径（循环6，数学项10），建议次优先
surface,346,51,11,40,14.7%,surface/src/on_nurbs/fitting_curve_pdm.cpp,mid,存在可向量化路径（循环15，数学项49），建议次优先
surface,346,51,11,40,14.7%,surface/src/on_nurbs/fitting_sphere_pdm.cpp,mid,存在可向量化路径（循环23，数学项55），建议次优先
surface,346,51,11,40,14.7%,surface/src/on_nurbs/fitting_surface_im.cpp,mid,存在可向量化路径（循环23，数学项52），建议次优先
surface,346,51,11,40,14.7%,surface/src/on_nurbs/fitting_surface_tdm.cpp,mid,存在可向量化路径（循环9，数学项12），建议次优先
surface,346,51,11,40,14.7%,surface/src/on_nurbs/global_optimization_pdm.cpp,mid,存在可向量化路径（循环23，数学项112），建议次优先
surface,346,51,11,40,14.7%,surface/src/on_nurbs/nurbs_solve_eigen.cpp,mid,存在可向量化路径（循环6，数学项14），建议次优先
surface,346,51,11,40,14.7%,surface/src/on_nurbs/nurbs_solve_eigen_sparse.cpp,mid,存在可向量化路径（循环3，数学项44），建议次优先
surface,346,51,11,40,14.7%,surface/src/on_nurbs/nurbs_solve_umfpack.cpp,mid,存在可向量化路径（循环14，数学项5），建议次优先
surface,346,51,11,40,14.7%,surface/src/on_nurbs/nurbs_tools.cpp,mid,存在可向量化路径（循环16，数学项57），建议次优先
surface,346,51,11,40,14.7%,surface/src/on_nurbs/sequential_fitter.cpp,mid,存在可向量化路径（循环9，数学项90），建议次优先
surface,346,51,11,40,14.7%,surface/src/on_nurbs/sparse_mat.cpp,mid,存在可向量化路径（循环9，数学项0），建议次优先
surface,346,51,11,40,14.7%,surface/src/simplification_remove_unused_vertices.cpp,mid,存在可向量化路径（循环5，数学项2），建议次优先
filters,109,76,6,70,69.7%,filters/include/pcl/filters/impl/convolution.hpp,high,循环52处，滤波/统计计算密集，建议优先优化
filters,109,76,6,70,69.7%,filters/include/pcl/filters/impl/voxel_grid.hpp,high,循环20处，滤波/统计计算密集，建议优先优化
filters,109,76,6,70,69.7%,filters/include/pcl/filters/impl/voxel_grid_covariance.hpp,high,循环6处，滤波/统计计算密集，建议优先优化
filters,109,76,6,70,69.7%,filters/include/pcl/filters/voxel_grid.h,high,循环6处，滤波/统计计算密集，建议优先优化
filters,109,76,6,70,69.7%,filters/include/pcl/filters/voxel_grid_covariance.h,high,循环2处，滤波/统计计算密集，建议优先优化
filters,109,76,6,70,69.7%,filters/src/voxel_grid_label.cpp,high,循环8处，滤波/统计计算密集，建议优先优化
filters,109,76,6,70,69.7%,filters/include/pcl/filters/approximate_voxel_grid.h,mid,存在可向量化路径（循环2，数学项31），建议次优先
filters,109,76,6,70,69.7%,filters/include/pcl/filters/bilateral.h,mid,存在可向量化路径（循环0，数学项28），建议次优先
filters,109,76,6,70,69.7%,filters/include/pcl/filters/box_clipper3D.h,mid,存在可向量化路径（循环0，数学项12），建议次优先
filters,109,76,6,70,69.7%,filters/include/pcl/filters/conditional_removal.h,mid,存在可向量化路径（循环0，数学项29），建议次优先
filters,109,76,6,70,69.7%,filters/include/pcl/filters/convolution.h,mid,存在可向量化路径（循环0，数学项27），建议次优先
filters,109,76,6,70,69.7%,filters/include/pcl/filters/convolution_3d.h,mid,存在可向量化路径（循环0，数学项4），建议次优先
filters,109,76,6,70,69.7%,filters/include/pcl/filters/covariance_sampling.h,mid,存在可向量化路径（循环0，数学项11），建议次优先
filters,109,76,6,70,69.7%,filters/include/pcl/filters/crop_box.h,mid,存在可向量化路径（循环0，数学项49），建议次优先
filters,109,76,6,70,69.7%,filters/include/pcl/filters/crop_hull.h,mid,存在可向量化路径（循环0，数学项21），建议次优先
filters,109,76,6,70,69.7%,filters/include/pcl/filters/extract_indices.h,mid,存在可向量化路径（循环0，数学项19），建议次优先
filters,109,76,6,70,69.7%,filters/include/pcl/filters/fast_bilateral.h,mid,存在可向量化路径（循环0，数学项36），建议次优先
filters,109,76,6,70,69.7%,filters/include/pcl/filters/fast_bilateral_omp.h,mid,存在可向量化路径（循环0，数学项7），建议次优先
filters,109,76,6,70,69.7%,filters/include/pcl/filters/filter.h,mid,存在可向量化路径（循环0，数学项19），建议次优先
filters,109,76,6,70,69.7%,filters/include/pcl/filters/filter_indices.h,mid,存在可向量化路径（循环0，数学项37），建议次优先
filters,109,76,6,70,69.7%,filters/include/pcl/filters/frustum_culling.h,mid,存在可向量化路径（循环0，数学项22），建议次优先
filters,109,76,6,70,69.7%,filters/include/pcl/filters/grid_minimum.h,mid,存在可向量化路径（循环0，数学项5），建议次优先
filters,109,76,6,70,69.7%,filters/include/pcl/filters/impl/approximate_voxel_grid.hpp,mid,存在可向量化路径（循环3，数学项5），建议次优先
filters,109,76,6,70,69.7%,filters/include/pcl/filters/impl/bilateral.hpp,mid,存在可向量化路径（循环2，数学项5），建议次优先
filters,109,76,6,70,69.7%,filters/include/pcl/filters/impl/box_clipper3D.hpp,mid,存在可向量化路径（循环2，数学项18），建议次优先
filters,109,76,6,70,69.7%,filters/include/pcl/filters/impl/conditional_removal.hpp,mid,存在可向量化路径（循环15，数学项6），建议次优先
filters,109,76,6,70,69.7%,filters/include/pcl/filters/impl/convolution_3d.hpp,mid,存在可向量化路径（循环3，数学项5），建议次优先
filters,109,76,6,70,69.7%,filters/include/pcl/filters/impl/covariance_sampling.hpp,mid,存在可向量化路径（循环15，数学项30），建议次优先
filters,109,76,6,70,69.7%,filters/include/pcl/filters/impl/crop_box.hpp,mid,存在可向量化路径（循环1，数学项7），建议次优先
filters,109,76,6,70,69.7%,filters/include/pcl/filters/impl/crop_hull.hpp,mid,存在可向量化路径（循环8，数学项34），建议次优先
filters,109,76,6,70,69.7%,filters/include/pcl/filters/impl/extract_indices.hpp,mid,存在可向量化路径（循环4，数学项1），建议次优先
filters,109,76,6,70,69.7%,filters/include/pcl/filters/impl/farthest_point_sampling.hpp,mid,存在可向量化路径（循环3，数学项4），建议次优先
filters,109,76,6,70,69.7%,filters/include/pcl/filters/impl/fast_bilateral.hpp,mid,存在可向量化路径（循环14，数学项6），建议次优先
filters,109,76,6,70,69.7%,filters/include/pcl/filters/impl/fast_bilateral_omp.hpp,mid,存在可向量化路径（循环12，数学项5），建议次优先
filters,109,76,6,70,69.7%,filters/include/pcl/filters/impl/filter.hpp,mid,存在可向量化路径（循环3，数学项1），建议次优先
filters,109,76,6,70,69.7%,filters/include/pcl/filters/impl/filter_indices.hpp,mid,存在可向量化路径（循环3，数学项1），建议次优先
filters,109,76,6,70,69.7%,filters/include/pcl/filters/impl/frustum_culling.hpp,mid,存在可向量化路径（循环1，数学项45），建议次优先
filters,109,76,6,70,69.7%,filters/include/pcl/filters/impl/grid_minimum.hpp,mid,存在可向量化路径（循环5，数学项5），建议次优先
filters,109,76,6,70,69.7%,filters/include/pcl/filters/impl/local_maximum.hpp,mid,存在可向量化路径（循环3，数学项3），建议次优先
filters,109,76,6,70,69.7%,filters/include/pcl/filters/impl/median_filter.hpp,mid,存在可向量化路径（循环4，数学项0），建议次优先
filters,109,76,6,70,69.7%,filters/include/pcl/filters/impl/model_outlier_removal.hpp,mid,存在可向量化路径（循环2，数学项12），建议次优先
filters,109,76,6,70,69.7%,filters/include/pcl/filters/impl/morphological_filter.hpp,mid,存在可向量化路径（循环3，数学项13），建议次优先
filters,109,76,6,70,69.7%,filters/include/pcl/filters/impl/normal_space.hpp,mid,存在可向量化路径（循环9，数学项7），建议次优先
filters,109,76,6,70,69.7%,filters/include/pcl/filters/impl/passthrough.hpp,mid,存在可向量化路径（循环2，数学项4），建议次优先
filters,109,76,6,70,69.7%,filters/include/pcl/filters/impl/plane_clipper3D.hpp,mid,存在可向量化路径（循环6，数学项20），建议次优先
filters,109,76,6,70,69.7%,filters/include/pcl/filters/impl/project_inliers.hpp,mid,存在可向量化路径（循环1，数学项9），建议次优先
filters,109,76,6,70,69.7%,filters/include/pcl/filters/impl/pyramid.hpp,mid,存在可向量化路径（循环10，数学项3），建议次优先
filters,109,76,6,70,69.7%,filters/include/pcl/filters/impl/radius_outlier_removal.hpp,mid,存在可向量化路径（循环3，数学项5），建议次优先
filters,109,76,6,70,69.7%,filters/include/pcl/filters/impl/sampling_surface_normal.hpp,mid,存在可向量化路径（循环5，数学项49），建议次优先
filters,109,76,6,70,69.7%,filters/include/pcl/filters/impl/shadowpoints.hpp,mid,存在可向量化路径（循环2，数学项8），建议次优先
filters,109,76,6,70,69.7%,filters/include/pcl/filters/impl/statistical_outlier_removal.hpp,mid,存在可向量化路径（循环4，数学项12），建议次优先
filters,109,76,6,70,69.7%,filters/include/pcl/filters/impl/uniform_sampling.hpp,mid,存在可向量化路径（循环2，数学项10），建议次优先
filters,109,76,6,70,69.7%,filters/include/pcl/filters/impl/voxel_grid_occlusion_estimation.hpp,mid,存在可向量化路径（循环5，数学项69），建议次优先
filters,109,76,6,70,69.7%,filters/include/pcl/filters/median_filter.h,mid,存在可向量化路径（循环0，数学项12），建议次优先
filters,109,76,6,70,69.7%,filters/include/pcl/filters/model_outlier_removal.h,mid,存在可向量化路径（循环2，数学项18），建议次优先
filters,109,76,6,70,69.7%,filters/include/pcl/filters/normal_refinement.h,mid,存在可向量化路径（循环2，数学项39），建议次优先
filters,109,76,6,70,69.7%,filters/include/pcl/filters/normal_space.h,mid,存在可向量化路径（循环0，数学项5），建议次优先
filters,109,76,6,70,69.7%,filters/include/pcl/filters/passthrough.h,mid,存在可向量化路径（循环0，数学项13），建议次优先
filters,109,76,6,70,69.7%,filters/include/pcl/filters/plane_clipper3D.h,mid,存在可向量化路径（循环0，数学项8），建议次优先
filters,109,76,6,70,69.7%,filters/include/pcl/filters/project_inliers.h,mid,存在可向量化路径（循环0，数学项10），建议次优先
filters,109,76,6,70,69.7%,filters/include/pcl/filters/pyramid.h,mid,存在可向量化路径（循环0，数学项6），建议次优先
filters,109,76,6,70,69.7%,filters/include/pcl/filters/radius_outlier_removal.h,mid,存在可向量化路径（循环0，数学项10），建议次优先
filters,109,76,6,70,69.7%,filters/include/pcl/filters/sampling_surface_normal.h,mid,存在可向量化路径（循环0，数学项30），建议次优先
filters,109,76,6,70,69.7%,filters/include/pcl/filters/statistical_outlier_removal.h,mid,存在可向量化路径（循环0，数学项25），建议次优先
filters,109,76,6,70,69.7%,filters/include/pcl/filters/uniform_sampling.h,mid,存在可向量化路径（循环0，数学项24），建议次优先
filters,109,76,6,70,69.7%,filters/include/pcl/filters/voxel_grid_occlusion_estimation.h,mid,存在可向量化路径（循环0，数学项67），建议次优先
filters,109,76,6,70,69.7%,filters/src/convolution.cpp,mid,存在可向量化路径（循环6，数学项9），建议次优先
filters,109,76,6,70,69.7%,filters/src/crop_box.cpp,mid,存在可向量化路径（循环4，数学项8），建议次优先
filters,109,76,6,70,69.7%,filters/src/extract_indices.cpp,mid,存在可向量化路径（循环10，数学项2），建议次优先
filters,109,76,6,70,69.7%,filters/src/passthrough.cpp,mid,存在可向量化路径（循环5，数学项16），建议次优先
filters,109,76,6,70,69.7%,filters/src/project_inliers.cpp,mid,存在可向量化路径（循环5，数学项11），建议次优先
filters,109,76,6,70,69.7%,filters/src/pyramid.cpp,mid,存在可向量化路径（循环30，数学项0），建议次优先
filters,109,76,6,70,69.7%,filters/src/radius_outlier_removal.cpp,mid,存在可向量化路径（循环3，数学项7），建议次优先
filters,109,76,6,70,69.7%,filters/src/random_sample.cpp,mid,存在可向量化路径（循环5，数学项1），建议次优先
filters,109,76,6,70,69.7%,filters/src/statistical_outlier_removal.cpp,mid,存在可向量化路径（循环5，数学项17），建议次优先
filters,109,76,6,70,69.7%,filters/src/voxel_grid.cpp,mid,存在可向量化路径（循环13，数学项27），建议次优先
io,151,59,11,48,39.1%,io/include/pcl/compression/impl/entropy_range_coder.hpp,high,循环38处，编解码/IO转换计算密集，建议优先优化
io,151,59,11,48,39.1%,io/include/pcl/io/impl/point_cloud_image_extractors.hpp,high,循环10处，编解码/IO转换计算密集，建议优先优化
io,151,59,11,48,39.1%,io/include/pcl/io/impl/vtk_lib_io.hpp,high,循环29处，编解码/IO转换计算密集，建议优先优化
io,151,59,11,48,39.1%,io/src/debayer.cpp,high,循环12处，编解码/IO转换计算密集，建议优先优化
io,151,59,11,48,39.1%,io/src/obj_io.cpp,high,循环49处，编解码/IO转换计算密集，建议优先优化
io,151,59,11,48,39.1%,io/src/openni2_grabber.cpp,high,循环10处，编解码/IO转换计算密集，建议优先优化
io,151,59,11,48,39.1%,io/src/openni_camera/openni_device.cpp,high,循环11处，编解码/IO转换计算密集，建议优先优化
io,151,59,11,48,39.1%,io/src/openni_grabber.cpp,high,循环10处，编解码/IO转换计算密集，建议优先优化
io,151,59,11,48,39.1%,io/src/pcd_io.cpp,high,循环31处，编解码/IO转换计算密集，建议优先优化
io,151,59,11,48,39.1%,io/src/ply_io.cpp,high,循环36处，编解码/IO转换计算密集，建议优先优化
io,151,59,11,48,39.1%,io/src/vtk_io.cpp,high,循环11处，编解码/IO转换计算密集，建议优先优化
io,151,59,11,48,39.1%,io/include/pcl/compression/color_coding.h,mid,存在可向量化路径（循环5，数学项46），建议次优先
io,151,59,11,48,39.1%,io/include/pcl/compression/entropy_range_coder.h,mid,存在可向量化路径（循环0，数学项13），建议次优先
io,151,59,11,48,39.1%,io/include/pcl/compression/impl/octree_pointcloud_compression.hpp,mid,存在可向量化路径（循环2，数学项88），建议次优先
io,151,59,11,48,39.1%,io/include/pcl/compression/impl/organized_pointcloud_compression.hpp,mid,存在可向量化路径（循环6，数学项82），建议次优先
io,151,59,11,48,39.1%,io/include/pcl/compression/octree_pointcloud_compression.h,mid,存在可向量化路径（循环0，数学项42），建议次优先
io,151,59,11,48,39.1%,io/include/pcl/compression/organized_pointcloud_compression.h,mid,存在可向量化路径（循环0，数学项29），建议次优先
io,151,59,11,48,39.1%,io/include/pcl/compression/organized_pointcloud_conversion.h,mid,存在可向量化路径（循环10，数学项106），建议次优先
io,151,59,11,48,39.1%,io/include/pcl/compression/point_coding.h,mid,存在可向量化路径（循环2，数学项52），建议次优先
io,151,59,11,48,39.1%,io/include/pcl/io/ascii_io.h,mid,存在可向量化路径（循环0，数学项30），建议次优先
io,151,59,11,48,39.1%,io/include/pcl/io/auto_io.h,mid,存在可向量化路径（循环0，数学项14），建议次优先
io,151,59,11,48,39.1%,io/include/pcl/io/impl/buffers.hpp,mid,存在可向量化路径（循环10，数学项2），建议次优先
io,151,59,11,48,39.1%,io/include/pcl/io/impl/lzf_image_io.hpp,mid,存在可向量化路径（循环9，数学项78），建议次优先
io,151,59,11,48,39.1%,io/include/pcl/io/impl/pcd_io.hpp,mid,存在可向量化路径（循环17，数学项91），建议次优先
io,151,59,11,48,39.1%,io/include/pcl/io/lzf_image_io.h,mid,存在可向量化路径（循环0，数学项86），建议次优先
io,151,59,11,48,39.1%,io/include/pcl/io/pcd_grabber.h,mid,存在可向量化路径（循环4，数学项44），建议次优先
io,151,59,11,48,39.1%,io/include/pcl/io/pcd_io.h,mid,存在可向量化路径（循环0，数学项307），建议次优先
io,151,59,11,48,39.1%,io/include/pcl/io/ply_io.h,mid,存在可向量化路径（循环0，数学项220），建议次优先
io,151,59,11,48,39.1%,io/include/pcl/io/point_cloud_image_extractors.h,mid,存在可向量化路径（循环0，数学项25），建议次优先
io,151,59,11,48,39.1%,io/include/pcl/io/vtk_lib_io.h,mid,存在可向量化路径（循环0，数学项42），建议次优先
io,151,59,11,48,39.1%,io/src/ascii_io.cpp,mid,存在可向量化路径（循环4，数学项27），建议次优先
io,151,59,11,48,39.1%,io/src/depth_sense/depth_sense_grabber_impl.cpp,mid,存在可向量化路径（循环4，数学项28），建议次优先
io,151,59,11,48,39.1%,io/src/dinast_grabber.cpp,mid,存在可向量化路径（循环12，数学项30），建议次优先
io,151,59,11,48,39.1%,io/src/ensenso_grabber.cpp,mid,存在可向量化路径（循环6，数学项65），建议次优先
io,151,59,11,48,39.1%,io/src/hdl_grabber.cpp,mid,存在可向量化路径（循环16，数学项35），建议次优先
io,151,59,11,48,39.1%,io/src/ifs_io.cpp,mid,存在可向量化路径（循环3，数学项55），建议次优先
io,151,59,11,48,39.1%,io/src/image_depth.cpp,mid,存在可向量化路径（循环6，数学项3），建议次优先
io,151,59,11,48,39.1%,io/src/image_grabber.cpp,mid,存在可向量化路径（循环8，数学项107），建议次优先
io,151,59,11,48,39.1%,io/src/image_rgb24.cpp,mid,存在可向量化路径（循环5，数学项2），建议次优先
io,151,59,11,48,39.1%,io/src/image_yuv422.cpp,mid,存在可向量化路径（循环6，数学项0），建议次优先
io,151,59,11,48,39.1%,io/src/lzf.cpp,mid,存在可向量化路径（循环8，数学项3），建议次优先
io,151,59,11,48,39.1%,io/src/lzf_image_io.cpp,mid,存在可向量化路径（循环2，数学项17），建议次优先
io,151,59,11,48,39.1%,io/src/oni_grabber.cpp,mid,存在可向量化路径（循环8，数学项64），建议次优先
io,151,59,11,48,39.1%,io/src/openni2/openni2_device.cpp,mid,存在可向量化路径（循环10，数学项8），建议次优先
io,151,59,11,48,39.1%,io/src/openni2/openni2_device_manager.cpp,mid,存在可向量化路径（循环4，数学项0），建议次优先
io,151,59,11,48,39.1%,io/src/openni_camera/openni_depth_image.cpp,mid,存在可向量化路径（循环6，数学项3），建议次优先
io,151,59,11,48,39.1%,io/src/openni_camera/openni_driver.cpp,mid,存在可向量化路径（循环12，数学项7），建议次优先
io,151,59,11,48,39.1%,io/src/openni_camera/openni_image_bayer_grbg.cpp,mid,存在可向量化路径（循环19，数学项3），建议次优先
io,151,59,11,48,39.1%,io/src/openni_camera/openni_image_rgb24.cpp,mid,存在可向量化路径（循环5，数学项0），建议次优先
io,151,59,11,48,39.1%,io/src/openni_camera/openni_image_yuv_422.cpp,mid,存在可向量化路径（循环6，数学项0），建议次优先
io,151,59,11,48,39.1%,io/src/pcd_grabber.cpp,mid,存在可向量化路径（循环2，数学项11），建议次优先
io,151,59,11,48,39.1%,io/src/ply/ply_parser.cpp,mid,存在可向量化路径（循环7，数学项2），建议次优先
io,151,59,11,48,39.1%,io/src/real_sense/real_sense_device_manager.cpp,mid,存在可向量化路径（循环6，数学项2），建议次优先
io,151,59,11,48,39.1%,io/src/real_sense_2_grabber.cpp,mid,存在可向量化路径（循环2，数学项25），建议次优先
io,151,59,11,48,39.1%,io/src/real_sense_grabber.cpp,mid,存在可向量化路径（循环10，数学项36），建议次优先
io,151,59,11,48,39.1%,io/src/robot_eye_grabber.cpp,mid,存在可向量化路径（循环2，数学项18），建议次优先
io,151,59,11,48,39.1%,io/src/tim_grabber.cpp,mid,存在可向量化路径（循环7，数学项8），建议次优先
io,151,59,11,48,39.1%,io/src/vlp_grabber.cpp,mid,存在可向量化路径（循环4，数学项5），建议次优先
io,151,59,11,48,39.1%,io/src/vtk_lib_io.cpp,mid,存在可向量化路径（循环18，数学项108），建议次优先
features,137,93,8,85,67.9%,features/include/pcl/features/impl/board.hpp,high,循环9处，特征描述子计算密集，建议优先优化
features,137,93,8,85,67.9%,features/include/pcl/features/impl/gfpfh.hpp,high,循环15处，特征描述子计算密集，建议优先优化
features,137,93,8,85,67.9%,features/include/pcl/features/impl/integral_image_normal.hpp,high,循环28处，特征描述子计算密集，建议优先优化
features,137,93,8,85,67.9%,features/include/pcl/features/impl/multiscale_feature_persistence.hpp,high,循环12处，特征描述子计算密集，建议优先优化
features,137,93,8,85,67.9%,features/include/pcl/features/impl/our_cvfh.hpp,high,循环39处，特征描述子计算密集，建议优先优化
features,137,93,8,85,67.9%,features/include/pcl/features/impl/rops_estimation.hpp,high,循环25处，特征描述子计算密集，建议优先优化
features,137,93,8,85,67.9%,features/include/pcl/features/impl/shot.hpp,high,循环16处，特征描述子计算密集，建议优先优化
features,137,93,8,85,67.9%,features/src/range_image_border_extractor.cpp,high,循环34处，特征描述子计算密集，建议优先优化
features,137,93,8,85,67.9%,features/include/pcl/features/3dsc.h,mid,存在可向量化路径（循环0，数学项28），建议次优先
features,137,93,8,85,67.9%,features/include/pcl/features/board.h,mid,存在可向量化路径（循环0，数学项47），建议次优先
features,137,93,8,85,67.9%,features/include/pcl/features/boundary.h,mid,存在可向量化路径（循环1，数学项28），建议次优先
features,137,93,8,85,67.9%,features/include/pcl/features/cppf.h,mid,存在可向量化路径（循环0，数学项11），建议次优先
features,137,93,8,85,67.9%,features/include/pcl/features/crh.h,mid,存在可向量化路径（循环0，数学项18），建议次优先
features,137,93,8,85,67.9%,features/include/pcl/features/cvfh.h,mid,存在可向量化路径（循环1，数学项51），建议次优先
features,137,93,8,85,67.9%,features/include/pcl/features/esf.h,mid,存在可向量化路径（循环2，数学项15），建议次优先
features,137,93,8,85,67.9%,features/include/pcl/features/feature.h,mid,存在可向量化路径（循环0，数学项56），建议次优先
features,137,93,8,85,67.9%,features/include/pcl/features/flare.h,mid,存在可向量化路径（循环0，数学项22），建议次优先
features,137,93,8,85,67.9%,features/include/pcl/features/fpfh.h,mid,存在可向量化路径（循环0，数学项92），建议次优先
features,137,93,8,85,67.9%,features/include/pcl/features/fpfh_omp.h,mid,存在可向量化路径（循环0，数学项28），建议次优先
features,137,93,8,85,67.9%,features/include/pcl/features/from_meshes.h,mid,存在可向量化路径（循环5，数学项30），建议次优先
features,137,93,8,85,67.9%,features/include/pcl/features/gasd.h,mid,存在可向量化路径（循环0，数学项61），建议次优先
features,137,93,8,85,67.9%,features/include/pcl/features/gfpfh.h,mid,存在可向量化路径（循环0，数学项18），建议次优先
features,137,93,8,85,67.9%,features/include/pcl/features/grsd.h,mid,存在可向量化路径（循环0，数学项26），建议次优先
features,137,93,8,85,67.9%,features/include/pcl/features/impl/3dsc.hpp,mid,存在可向量化路径（循环6，数学项70），建议次优先
features,137,93,8,85,67.9%,features/include/pcl/features/impl/boundary.hpp,mid,存在可向量化路径（循环4，数学项12），建议次优先
features,137,93,8,85,67.9%,features/include/pcl/features/impl/brisk_2d.hpp,mid,存在可向量化路径（循环24，数学项24），建议次优先
features,137,93,8,85,67.9%,features/include/pcl/features/impl/cppf.hpp,mid,存在可向量化路径（循环2，数学项16），建议次优先
features,137,93,8,85,67.9%,features/include/pcl/features/impl/crh.hpp,mid,存在可向量化路径（循环5，数学项14），建议次优先
features,137,93,8,85,67.9%,features/include/pcl/features/impl/cvfh.hpp,mid,存在可向量化路径（循环8，数学项22），建议次优先
features,137,93,8,85,67.9%,features/include/pcl/features/impl/esf.hpp,mid,存在可向量化路径（循环29，数学项25），建议次优先
features,137,93,8,85,67.9%,features/include/pcl/features/impl/feature.hpp,mid,存在可向量化路径（循环1，数学项30），建议次优先
features,137,93,8,85,67.9%,features/include/pcl/features/impl/flare.hpp,mid,存在可向量化路径（循环2，数学项14），建议次优先
features,137,93,8,85,67.9%,features/include/pcl/features/impl/fpfh.hpp,mid,存在可向量化路径（循环14，数学项32），建议次优先
features,137,93,8,85,67.9%,features/include/pcl/features/impl/fpfh_omp.hpp,mid,存在可向量化路径（循环6，数学项9），建议次优先
features,137,93,8,85,67.9%,features/include/pcl/features/impl/gasd.hpp,mid,存在可向量化路径（循环8，数学项58），建议次优先
features,137,93,8,85,67.9%,features/include/pcl/features/impl/grsd.hpp,mid,存在可向量化路径（循环4，数学项4），建议次优先
features,137,93,8,85,67.9%,features/include/pcl/features/impl/integral_image2D.hpp,mid,存在可向量化路径（循环12，数学项1），建议次优先
features,137,93,8,85,67.9%,features/include/pcl/features/impl/intensity_gradient.hpp,mid,存在可向量化路径（循环5，数学项32），建议次优先
features,137,93,8,85,67.9%,features/include/pcl/features/impl/intensity_spin.hpp,mid,存在可向量化路径（循环8，数学项16），建议次优先
features,137,93,8,85,67.9%,features/include/pcl/features/impl/linear_least_squares_normal.hpp,mid,存在可向量化路径（循环6，数学项21），建议次优先
features,137,93,8,85,67.9%,features/include/pcl/features/impl/moment_invariants.hpp,mid,存在可向量化路径（循环4，数学项3），建议次优先
features,137,93,8,85,67.9%,features/include/pcl/features/impl/moment_of_inertia_estimation.hpp,mid,存在可向量化路径（循环8，数学项56），建议次优先
features,137,93,8,85,67.9%,features/include/pcl/features/impl/narf.hpp,mid,存在可向量化路径（循环2，数学项11），建议次优先
features,137,93,8,85,67.9%,features/include/pcl/features/impl/normal_3d.hpp,mid,存在可向量化路径（循环2，数学项23），建议次优先
features,137,93,8,85,67.9%,features/include/pcl/features/impl/normal_3d_omp.hpp,mid,存在可向量化路径（循环2，数学项19），建议次优先
features,137,93,8,85,67.9%,features/include/pcl/features/impl/normal_based_signature.hpp,mid,存在可向量化路径（循环11，数学项38），建议次优先
features,137,93,8,85,67.9%,features/include/pcl/features/impl/organized_edge_detection.hpp,mid,存在可向量化路径（循环14，数学项0），建议次优先
features,137,93,8,85,67.9%,features/include/pcl/features/impl/pfh.hpp,mid,存在可向量化路径（循环9，数学项15），建议次优先
features,137,93,8,85,67.9%,features/include/pcl/features/impl/pfhrgb.hpp,mid,存在可向量化路径（循环8，数学项11），建议次优先
features,137,93,8,85,67.9%,features/include/pcl/features/impl/ppf.hpp,mid,存在可向量化路径（循环2，数学项18），建议次优先
features,137,93,8,85,67.9%,features/include/pcl/features/impl/ppfrgb.hpp,mid,存在可向量化路径（循环4，数学项18），建议次优先
features,137,93,8,85,67.9%,features/include/pcl/features/impl/principal_curvatures.hpp,mid,存在可向量化路径（循环4，数学项17），建议次优先
features,137,93,8,85,67.9%,features/include/pcl/features/impl/range_image_border_extractor.hpp,mid,存在可向量化路径（循环8，数学项29），建议次优先
features,137,93,8,85,67.9%,features/include/pcl/features/impl/rift.hpp,mid,存在可向量化路径（循环4，数学项24），建议次优先
features,137,93,8,85,67.9%,features/include/pcl/features/impl/rsd.hpp,mid,存在可向量化路径（循环8，数学项49），建议次优先
features,137,93,8,85,67.9%,features/include/pcl/features/impl/shot_lrf.hpp,mid,存在可向量化路径（循环6，数学项29），建议次优先
features,137,93,8,85,67.9%,features/include/pcl/features/impl/shot_omp.hpp,mid,存在可向量化路径（循环10，数学项28），建议次优先
features,137,93,8,85,67.9%,features/include/pcl/features/impl/spin_image.hpp,mid,存在可向量化路径（循环4，数学项35），建议次优先
features,137,93,8,85,67.9%,features/include/pcl/features/impl/statistical_multiscale_interest_region_extraction.hpp,mid,存在可向量化路径（循环14，数学项5），建议次优先
features,137,93,8,85,67.9%,features/include/pcl/features/impl/usc.hpp,mid,存在可向量化路径（循环7，数学项46），建议次优先
features,137,93,8,85,67.9%,features/include/pcl/features/impl/vfh.hpp,mid,存在可向量化路径（循环7，数学项32），建议次优先
features,137,93,8,85,67.9%,features/include/pcl/features/integral_image2D.h,mid,存在可向量化路径（循环0，数学项19），建议次优先
features,137,93,8,85,67.9%,features/include/pcl/features/integral_image_normal.h,mid,存在可向量化路径（循环0，数学项64），建议次优先
features,137,93,8,85,67.9%,features/include/pcl/features/intensity_gradient.h,mid,存在可向量化路径（循环0，数学项15），建议次优先
features,137,93,8,85,67.9%,features/include/pcl/features/intensity_spin.h,mid,存在可向量化路径（循环0，数学项22），建议次优先
features,137,93,8,85,67.9%,features/include/pcl/features/linear_least_squares_normal.h,mid,存在可向量化路径（循环0，数学项15），建议次优先
features,137,93,8,85,67.9%,features/include/pcl/features/moment_invariants.h,mid,存在可向量化路径（循环0，数学项23），建议次优先
features,137,93,8,85,67.9%,features/include/pcl/features/moment_of_inertia_estimation.h,mid,存在可向量化路径（循环0，数学项77），建议次优先
features,137,93,8,85,67.9%,features/include/pcl/features/multiscale_feature_persistence.h,mid,存在可向量化路径（循环0，数学项22），建议次优先
features,137,93,8,85,67.9%,features/include/pcl/features/narf.h,mid,存在可向量化路径（循环0，数学项63），建议次优先
features,137,93,8,85,67.9%,features/include/pcl/features/normal_3d.h,mid,存在可向量化路径（循环1，数学项110），建议次优先
features,137,93,8,85,67.9%,features/include/pcl/features/normal_3d_omp.h,mid,存在可向量化路径（循环1，数学项0），建议次优先
features,137,93,8,85,67.9%,features/include/pcl/features/normal_based_signature.h,mid,存在可向量化路径（循环0，数学项11），建议次优先
features,137,93,8,85,67.9%,features/include/pcl/features/organized_edge_detection.h,mid,存在可向量化路径（循环0，数学项13），建议次优先
features,137,93,8,85,67.9%,features/include/pcl/features/our_cvfh.h,mid,存在可向量化路径（循环2，数学项72），建议次优先
features,137,93,8,85,67.9%,features/include/pcl/features/pfh.h,mid,存在可向量化路径（循环0，数学项41），建议次优先
features,137,93,8,85,67.9%,features/include/pcl/features/pfhrgb.h,mid,存在可向量化路径（循环0，数学项14），建议次优先
features,137,93,8,85,67.9%,features/include/pcl/features/ppf.h,mid,存在可向量化路径（循环0，数学项9），建议次优先
features,137,93,8,85,67.9%,features/include/pcl/features/ppfrgb.h,mid,存在可向量化路径（循环0，数学项9），建议次优先
features,137,93,8,85,67.9%,features/include/pcl/features/principal_curvatures.h,mid,存在可向量化路径（循环1，数学项19），建议次优先
features,137,93,8,85,67.9%,features/include/pcl/features/range_image_border_extractor.h,mid,存在可向量化路径（循环0，数学项18），建议次优先
features,137,93,8,85,67.9%,features/include/pcl/features/rift.h,mid,存在可向量化路径（循环0，数学项30），建议次优先
features,137,93,8,85,67.9%,features/include/pcl/features/rops_estimation.h,mid,存在可向量化路径（循环0，数学项31），建议次优先
features,137,93,8,85,67.9%,features/include/pcl/features/rsd.h,mid,存在可向量化路径（循环1，数学项52），建议次优先
features,137,93,8,85,67.9%,features/include/pcl/features/shot.h,mid,存在可向量化路径（循环0，数学项91），建议次优先
features,137,93,8,85,67.9%,features/include/pcl/features/shot_lrf.h,mid,存在可向量化路径（循环0，数学项18），建议次优先
features,137,93,8,85,67.9%,features/include/pcl/features/shot_lrf_omp.h,mid,存在可向量化路径（循环0，数学项16），建议次优先
features,137,93,8,85,67.9%,features/include/pcl/features/shot_omp.h,mid,存在可向量化路径（循环2，数学项38），建议次优先
features,137,93,8,85,67.9%,features/include/pcl/features/spin_image.h,mid,存在可向量化路径（循环1，数学项29），建议次优先
features,137,93,8,85,67.9%,features/include/pcl/features/usc.h,mid,存在可向量化路径（循环0，数学项19），建议次优先
features,137,93,8,85,67.9%,features/include/pcl/features/vfh.h,mid,存在可向量化路径（循环1，数学项52），建议次优先
features,137,93,8,85,67.9%,features/src/narf.cpp,mid,存在可向量化路径（循环22，数学项95），建议次优先
features,137,93,8,85,67.9%,features/src/pfh.cpp,mid,存在可向量化路径（循环0，数学项38），建议次优先
segmentation,76,40,5,35,52.6%,segmentation/include/pcl/segmentation/impl/min_cut_segmentation.hpp,high,循环13处，分割/聚类计算密集，建议优先优化
segmentation,76,40,5,35,52.6%,segmentation/include/pcl/segmentation/impl/organized_multi_plane_segmentation.hpp,high,循环14处，分割/聚类计算密集，建议优先优化
segmentation,76,40,5,35,52.6%,segmentation/include/pcl/segmentation/impl/region_growing_rgb.hpp,high,循环26处，分割/聚类计算密集，建议优先优化
segmentation,76,40,5,35,52.6%,segmentation/include/pcl/segmentation/impl/supervoxel_clustering.hpp,high,循环40处，分割/聚类计算密集，建议优先优化
segmentation,76,40,5,35,52.6%,segmentation/src/grabcut_segmentation.cpp,high,循环28处，分割/聚类计算密集，建议优先优化
segmentation,76,40,5,35,52.6%,segmentation/include/pcl/segmentation/conditional_euclidean_clustering.h,mid,存在可向量化路径（循环0，数学项33），建议次优先
segmentation,76,40,5,35,52.6%,segmentation/include/pcl/segmentation/cpc_segmentation.h,mid,存在可向量化路径（循环1，数学项39），建议次优先
segmentation,76,40,5,35,52.6%,segmentation/include/pcl/segmentation/crf_segmentation.h,mid,存在可向量化路径（循环0，数学项11），建议次优先
segmentation,76,40,5,35,52.6%,segmentation/include/pcl/segmentation/extract_clusters.h,mid,存在可向量化路径（循环8，数学项56），建议次优先
segmentation,76,40,5,35,52.6%,segmentation/include/pcl/segmentation/extract_labeled_clusters.h,mid,存在可向量化路径（循环0，数学项20），建议次优先
segmentation,76,40,5,35,52.6%,segmentation/include/pcl/segmentation/extract_polygonal_prism_data.h,mid,存在可向量化路径（循环0，数学项15），建议次优先
segmentation,76,40,5,35,52.6%,segmentation/include/pcl/segmentation/grabcut_segmentation.h,mid,存在可向量化路径（循环0，数学项41），建议次优先
segmentation,76,40,5,35,52.6%,segmentation/include/pcl/segmentation/impl/approximate_progressive_morphological_filter.hpp,mid,存在可向量化路径（循环14，数学项10），建议次优先
segmentation,76,40,5,35,52.6%,segmentation/include/pcl/segmentation/impl/conditional_euclidean_clustering.hpp,mid,存在可向量化路径（循环4，数学项9），建议次优先
segmentation,76,40,5,35,52.6%,segmentation/include/pcl/segmentation/impl/cpc_segmentation.hpp,mid,存在可向量化路径（循环8，数学项28），建议次优先
segmentation,76,40,5,35,52.6%,segmentation/include/pcl/segmentation/impl/crf_segmentation.hpp,mid,存在可向量化路径（循环21，数学项52），建议次优先
segmentation,76,40,5,35,52.6%,segmentation/include/pcl/segmentation/impl/extract_clusters.hpp,mid,存在可向量化路径（循环8，数学项7），建议次优先
segmentation,76,40,5,35,52.6%,segmentation/include/pcl/segmentation/impl/extract_labeled_clusters.hpp,mid,存在可向量化路径（循环5，数学项5），建议次优先
segmentation,76,40,5,35,52.6%,segmentation/include/pcl/segmentation/impl/extract_polygonal_prism_data.hpp,mid,存在可向量化路径（循环7，数学项36），建议次优先
segmentation,76,40,5,35,52.6%,segmentation/include/pcl/segmentation/impl/grabcut_segmentation.hpp,mid,存在可向量化路径（循环20，数学项48），建议次优先
segmentation,76,40,5,35,52.6%,segmentation/include/pcl/segmentation/impl/lccp_segmentation.hpp,mid,存在可向量化路径（循环19，数学项39），建议次优先
segmentation,76,40,5,35,52.6%,segmentation/include/pcl/segmentation/impl/organized_connected_component_segmentation.hpp,mid,存在可向量化路径（循环8，数学项38），建议次优先
segmentation,76,40,5,35,52.6%,segmentation/include/pcl/segmentation/impl/progressive_morphological_filter.hpp,mid,存在可向量化路径（循环3，数学项6），建议次优先
segmentation,76,40,5,35,52.6%,segmentation/include/pcl/segmentation/impl/random_walker.hpp,mid,存在可向量化路径（循环8，数学项53），建议次优先
segmentation,76,40,5,35,52.6%,segmentation/include/pcl/segmentation/impl/region_growing.hpp,mid,存在可向量化路径（循环21，数学项34），建议次优先
segmentation,76,40,5,35,52.6%,segmentation/include/pcl/segmentation/impl/sac_segmentation.hpp,mid,存在可向量化路径（循环0，数学项26），建议次优先
segmentation,76,40,5,35,52.6%,segmentation/include/pcl/segmentation/impl/seeded_hue_segmentation.hpp,mid,存在可向量化路径（循环8，数学项5），建议次优先
segmentation,76,40,5,35,52.6%,segmentation/include/pcl/segmentation/impl/unary_classifier.hpp,mid,存在可向量化路径（循环17，数学项32），建议次优先
segmentation,76,40,5,35,52.6%,segmentation/include/pcl/segmentation/lccp_segmentation.h,mid,存在可向量化路径（循环0，数学项61），建议次优先
segmentation,76,40,5,35,52.6%,segmentation/include/pcl/segmentation/min_cut_segmentation.h,mid,存在可向量化路径（循环1，数学项24），建议次优先
segmentation,76,40,5,35,52.6%,segmentation/include/pcl/segmentation/organized_connected_component_segmentation.h,mid,存在可向量化路径（循环1，数学项4），建议次优先
segmentation,76,40,5,35,52.6%,segmentation/include/pcl/segmentation/organized_multi_plane_segmentation.h,mid,存在可向量化路径（循环0，数学项52），建议次优先
segmentation,76,40,5,35,52.6%,segmentation/include/pcl/segmentation/planar_polygon_fusion.h,mid,存在可向量化路径（循环1，数学项3），建议次优先
segmentation,76,40,5,35,52.6%,segmentation/include/pcl/segmentation/random_walker.h,mid,存在可向量化路径（循环0，数学项36），建议次优先
segmentation,76,40,5,35,52.6%,segmentation/include/pcl/segmentation/region_growing.h,mid,存在可向量化路径（循环0，数学项39），建议次优先
segmentation,76,40,5,35,52.6%,segmentation/include/pcl/segmentation/region_growing_rgb.h,mid,存在可向量化路径（循环0，数学项41），建议次优先
segmentation,76,40,5,35,52.6%,segmentation/include/pcl/segmentation/sac_segmentation.h,mid,存在可向量化路径（循环0，数学项40），建议次优先
segmentation,76,40,5,35,52.6%,segmentation/include/pcl/segmentation/seeded_hue_segmentation.h,mid,存在可向量化路径（循环0，数学项14），建议次优先
segmentation,76,40,5,35,52.6%,segmentation/include/pcl/segmentation/segment_differences.h,mid,存在可向量化路径（循环0，数学项15），建议次优先
segmentation,76,40,5,35,52.6%,segmentation/include/pcl/segmentation/supervoxel_clustering.h,mid,存在可向量化路径（循环0，数学项57），建议次优先
sample_consensus,70,51,7,44,72.9%,sample_consensus/include/pcl/sample_consensus/impl/mlesac.hpp,high,循环10处，模型拟合计算密集，建议优先优化
sample_consensus,70,51,7,44,72.9%,sample_consensus/include/pcl/sample_consensus/impl/sac_model_circle3d.hpp,high,循环9处，模型拟合计算密集，建议优先优化
sample_consensus,70,51,7,44,72.9%,sample_consensus/include/pcl/sample_consensus/impl/sac_model_cone.hpp,high,循环9处，模型拟合计算密集，建议优先优化
sample_consensus,70,51,7,44,72.9%,sample_consensus/include/pcl/sample_consensus/impl/sac_model_ellipse3d.hpp,high,循环10处，模型拟合计算密集，建议优先优化
sample_consensus,70,51,7,44,72.9%,sample_consensus/include/pcl/sample_consensus/impl/sac_model_line.hpp,high,循环8处，模型拟合计算密集，建议优先优化
sample_consensus,70,51,7,44,72.9%,sample_consensus/include/pcl/sample_consensus/impl/sac_model_normal_plane.hpp,high,循环8处，模型拟合计算密集，建议优先优化
sample_consensus,70,51,7,44,72.9%,sample_consensus/include/pcl/sample_consensus/impl/sac_model_torus.hpp,high,循环9处，模型拟合计算密集，建议优先优化
sample_consensus,70,51,7,44,72.9%,sample_consensus/include/pcl/sample_consensus/impl/lmeds.hpp,mid,存在可向量化路径（循环2，数学项17），建议次优先
sample_consensus,70,51,7,44,72.9%,sample_consensus/include/pcl/sample_consensus/impl/msac.hpp,mid,存在可向量化路径（循环4，数学项21），建议次优先
sample_consensus,70,51,7,44,72.9%,sample_consensus/include/pcl/sample_consensus/impl/prosac.hpp,mid,存在可向量化路径（循环4，数学项13），建议次优先
sample_consensus,70,51,7,44,72.9%,sample_consensus/include/pcl/sample_consensus/impl/ransac.hpp,mid,存在可向量化路径（循环1，数学项19），建议次优先
sample_consensus,70,51,7,44,72.9%,sample_consensus/include/pcl/sample_consensus/impl/rmsac.hpp,mid,存在可向量化路径（循环4，数学项21），建议次优先
sample_consensus,70,51,7,44,72.9%,sample_consensus/include/pcl/sample_consensus/impl/rransac.hpp,mid,存在可向量化路径（循环1，数学项17），建议次优先
sample_consensus,70,51,7,44,72.9%,sample_consensus/include/pcl/sample_consensus/impl/sac_model_circle.hpp,mid,存在可向量化路径（循环11，数学项67），建议次优先
sample_consensus,70,51,7,44,72.9%,sample_consensus/include/pcl/sample_consensus/impl/sac_model_cylinder.hpp,mid,存在可向量化路径（循环9，数学项130），建议次优先
sample_consensus,70,51,7,44,72.9%,sample_consensus/include/pcl/sample_consensus/impl/sac_model_normal_sphere.hpp,mid,存在可向量化路径（循环3，数学项44），建议次优先
sample_consensus,70,51,7,44,72.9%,sample_consensus/include/pcl/sample_consensus/impl/sac_model_plane.hpp,mid,存在可向量化路径（循环11，数学项97），建议次优先
sample_consensus,70,51,7,44,72.9%,sample_consensus/include/pcl/sample_consensus/impl/sac_model_registration.hpp,mid,存在可向量化路径（循环6，数学项37），建议次优先
sample_consensus,70,51,7,44,72.9%,sample_consensus/include/pcl/sample_consensus/impl/sac_model_registration_2d.hpp,mid,存在可向量化路径（循环3，数学项29），建议次优先
sample_consensus,70,51,7,44,72.9%,sample_consensus/include/pcl/sample_consensus/impl/sac_model_sphere.hpp,mid,存在可向量化路径（循环17，数学项95），建议次优先
sample_consensus,70,51,7,44,72.9%,sample_consensus/include/pcl/sample_consensus/impl/sac_model_stick.hpp,mid,存在可向量化路径（循环8，数学项87），建议次优先
sample_consensus,70,51,7,44,72.9%,sample_consensus/include/pcl/sample_consensus/lmeds.h,mid,存在可向量化路径（循环0，数学项22），建议次优先
sample_consensus,70,51,7,44,72.9%,sample_consensus/include/pcl/sample_consensus/mlesac.h,mid,存在可向量化路径（循环0，数学项25），建议次优先
sample_consensus,70,51,7,44,72.9%,sample_consensus/include/pcl/sample_consensus/msac.h,mid,存在可向量化路径（循环0，数学项29），建议次优先
sample_consensus,70,51,7,44,72.9%,sample_consensus/include/pcl/sample_consensus/prosac.h,mid,存在可向量化路径（循环0，数学项23），建议次优先
sample_consensus,70,51,7,44,72.9%,sample_consensus/include/pcl/sample_consensus/ransac.h,mid,存在可向量化路径（循环0，数学项33），建议次优先
sample_consensus,70,51,7,44,72.9%,sample_consensus/include/pcl/sample_consensus/rmsac.h,mid,存在可向量化路径（循环0，数学项22），建议次优先
sample_consensus,70,51,7,44,72.9%,sample_consensus/include/pcl/sample_consensus/rransac.h,mid,存在可向量化路径（循环0，数学项27），建议次优先
sample_consensus,70,51,7,44,72.9%,sample_consensus/include/pcl/sample_consensus/sac.h,mid,存在可向量化路径（循环3，数学项74），建议次优先
sample_consensus,70,51,7,44,72.9%,sample_consensus/include/pcl/sample_consensus/sac_model.h,mid,存在可向量化路径（循环6，数学项119），建议次优先
sample_consensus,70,51,7,44,72.9%,sample_consensus/include/pcl/sample_consensus/sac_model_circle.h,mid,存在可向量化路径（循环1，数学项53），建议次优先
sample_consensus,70,51,7,44,72.9%,sample_consensus/include/pcl/sample_consensus/sac_model_circle3d.h,mid,存在可向量化路径（循环1，数学项61），建议次优先
sample_consensus,70,51,7,44,72.9%,sample_consensus/include/pcl/sample_consensus/sac_model_cone.h,mid,存在可向量化路径（循环0，数学项95），建议次优先
sample_consensus,70,51,7,44,72.9%,sample_consensus/include/pcl/sample_consensus/sac_model_cylinder.h,mid,存在可向量化路径（循环0，数学项95），建议次优先
sample_consensus,70,51,7,44,72.9%,sample_consensus/include/pcl/sample_consensus/sac_model_ellipse3d.h,mid,存在可向量化路径（循环1，数学项104），建议次优先
sample_consensus,70,51,7,44,72.9%,sample_consensus/include/pcl/sample_consensus/sac_model_line.h,mid,存在可向量化路径（循环0，数学项38），建议次优先
sample_consensus,70,51,7,44,72.9%,sample_consensus/include/pcl/sample_consensus/sac_model_normal_parallel_plane.h,mid,存在可向量化路径（循环0，数学项48），建议次优先
sample_consensus,70,51,7,44,72.9%,sample_consensus/include/pcl/sample_consensus/sac_model_normal_plane.h,mid,存在可向量化路径（循环0，数学项36），建议次优先
sample_consensus,70,51,7,44,72.9%,sample_consensus/include/pcl/sample_consensus/sac_model_normal_sphere.h,mid,存在可向量化路径（循环0，数学项27），建议次优先
sample_consensus,70,51,7,44,72.9%,sample_consensus/include/pcl/sample_consensus/sac_model_parallel_line.h,mid,存在可向量化路径（循环0，数学项25），建议次优先
sample_consensus,70,51,7,44,72.9%,sample_consensus/include/pcl/sample_consensus/sac_model_parallel_plane.h,mid,存在可向量化路径（循环0，数学项41），建议次优先
sample_consensus,70,51,7,44,72.9%,sample_consensus/include/pcl/sample_consensus/sac_model_perpendicular_plane.h,mid,存在可向量化路径（循环0，数学项45），建议次优先
sample_consensus,70,51,7,44,72.9%,sample_consensus/include/pcl/sample_consensus/sac_model_plane.h,mid,存在可向量化路径（循环0，数学项94），建议次优先
sample_consensus,70,51,7,44,72.9%,sample_consensus/include/pcl/sample_consensus/sac_model_registration.h,mid,存在可向量化路径（循环5，数学项48），建议次优先
sample_consensus,70,51,7,44,72.9%,sample_consensus/include/pcl/sample_consensus/sac_model_registration_2d.h,mid,存在可向量化路径（循环4，数学项38），建议次优先
sample_consensus,70,51,7,44,72.9%,sample_consensus/include/pcl/sample_consensus/sac_model_sphere.h,mid,存在可向量化路径（循环0，数学项70），建议次优先
sample_consensus,70,51,7,44,72.9%,sample_consensus/include/pcl/sample_consensus/sac_model_stick.h,mid,存在可向量化路径（循环0，数学项58），建议次优先
sample_consensus,70,51,7,44,72.9%,sample_consensus/include/pcl/sample_consensus/sac_model_torus.h,mid,存在可向量化路径（循环1，数学项81），建议次优先
sample_consensus,70,51,7,44,72.9%,sample_consensus/src/sac_model_cone.cpp,mid,存在可向量化路径（循环0，数学项31），建议次优先
sample_consensus,70,51,7,44,72.9%,sample_consensus/src/sac_model_cylinder.cpp,mid,存在可向量化路径（循环0，数学项70），建议次优先
sample_consensus,70,51,7,44,72.9%,sample_consensus/src/sac_model_sphere.cpp,mid,存在可向量化路径（循环0，数学项25），建议次优先
recognition,70,32,5,27,45.7%,recognition/include/pcl/recognition/color_gradient_modality.h,high,循环38处，识别/匹配计算密集，建议优先优化
recognition,70,32,5,27,45.7%,recognition/include/pcl/recognition/impl/implicit_shape_model.hpp,high,循环107处，识别/匹配计算密集，建议优先优化
recognition,70,32,5,27,45.7%,recognition/include/pcl/recognition/surface_normal_modality.h,high,循环59处，识别/匹配计算密集，建议优先优化
recognition,70,32,5,27,45.7%,recognition/src/face_detection/rf_face_detector_trainer.cpp,high,循环19处，识别/匹配计算密集，建议优先优化
recognition,70,32,5,27,45.7%,recognition/src/linemod.cpp,high,循环86处，识别/匹配计算密集，建议优先优化
recognition,70,32,5,27,45.7%,recognition/include/pcl/recognition/color_gradient_dot_modality.h,mid,存在可向量化路径（循环16，数学项30），建议次优先
recognition,70,32,5,27,45.7%,recognition/include/pcl/recognition/color_modality.h,mid,存在可向量化路径（循环22，数学项37），建议次优先
recognition,70,32,5,27,45.7%,recognition/include/pcl/recognition/crh_alignment.h,mid,存在可向量化路径（循环7，数学项40），建议次优先
recognition,70,32,5,27,45.7%,recognition/include/pcl/recognition/face_detection/face_common.h,mid,存在可向量化路径（循环14，数学项12），建议次优先
recognition,70,32,5,27,45.7%,recognition/include/pcl/recognition/face_detection/rf_face_detector_trainer.h,mid,存在可向量化路径（循环6，数学项22），建议次优先
recognition,70,32,5,27,45.7%,recognition/include/pcl/recognition/face_detection/rf_face_utils.h,mid,存在可向量化路径（循环18，数学项73），建议次优先
recognition,70,32,5,27,45.7%,recognition/include/pcl/recognition/hv/greedy_verification.h,mid,存在可向量化路径（循环3，数学项13），建议次优先
recognition,70,32,5,27,45.7%,recognition/include/pcl/recognition/hv/hv_go.h,mid,存在可向量化路径（循环9，数学项12），建议次优先
recognition,70,32,5,27,45.7%,recognition/include/pcl/recognition/impl/cg/geometric_consistency.hpp,mid,存在可向量化路径（循环5，数学项25），建议次优先
recognition,70,32,5,27,45.7%,recognition/include/pcl/recognition/impl/cg/hough_3d.hpp,mid,存在可向量化路径（循环7，数学项62），建议次优先
recognition,70,32,5,27,45.7%,recognition/include/pcl/recognition/impl/hv/greedy_verification.hpp,mid,存在可向量化路径（循环7，数学项5），建议次优先
recognition,70,32,5,27,45.7%,recognition/include/pcl/recognition/impl/hv/hv_go.hpp,mid,存在可向量化路径（循环34，数学项35），建议次优先
recognition,70,32,5,27,45.7%,recognition/include/pcl/recognition/impl/hv/hv_papazov.hpp,mid,存在可向量化路径（循环12，数学项7），建议次优先
recognition,70,32,5,27,45.7%,recognition/include/pcl/recognition/impl/hv/occlusion_reasoning.hpp,mid,存在可向量化路径（循环8，数学项8），建议次优先
recognition,70,32,5,27,45.7%,recognition/include/pcl/recognition/impl/linemod/line_rgbd.hpp,mid,存在可向量化路径（循环37，数学项37），建议次优先
recognition,70,32,5,27,45.7%,recognition/include/pcl/recognition/impl/ransac_based/simple_octree.hpp,mid,存在可向量化路径（循环11，数学项23），建议次优先
recognition,70,32,5,27,45.7%,recognition/include/pcl/recognition/implicit_shape_model.h,mid,存在可向量化路径（循环0，数学项73），建议次优先
recognition,70,32,5,27,45.7%,recognition/include/pcl/recognition/linemod.h,mid,存在可向量化路径（循环4，数学项24），建议次优先
recognition,70,32,5,27,45.7%,recognition/include/pcl/recognition/ransac_based/trimmed_icp.h,mid,存在可向量化路径（循环3，数学项11），建议次优先
recognition,70,32,5,27,45.7%,recognition/src/cg/hough_3d.cpp,mid,存在可向量化路径（循环10，数学项26），建议次优先
recognition,70,32,5,27,45.7%,recognition/src/dotmod.cpp,mid,存在可向量化路径（循环12，数学项4），建议次优先
recognition,70,32,5,27,45.7%,recognition/src/face_detection/face_detector_data_provider.cpp,mid,存在可向量化路径（循环26，数学项19），建议次优先
recognition,70,32,5,27,45.7%,recognition/src/quantizable_modality.cpp,mid,存在可向量化路径（循环6，数学项1），建议次优先
recognition,70,32,5,27,45.7%,recognition/src/ransac_based/model_library.cpp,mid,存在可向量化路径（循环4，数学项5），建议次优先
recognition,70,32,5,27,45.7%,recognition/src/ransac_based/obj_rec_ransac.cpp,mid,存在可向量化路径（循环23，数学项31），建议次优先
recognition,70,32,5,27,45.7%,recognition/src/ransac_based/orr_octree.cpp,mid,存在可向量化路径（循环21，数学项16），建议次优先
recognition,70,32,5,27,45.7%,recognition/src/ransac_based/orr_octree_zprojection.cpp,mid,存在可向量化路径（循环10，数学项3），建议次优先
keypoints,36,24,4,20,66.7%,keypoints/include/pcl/keypoints/impl/harris_3d.hpp,high,循环13处，关键点响应计算密集，建议优先优化
keypoints,36,24,4,20,66.7%,keypoints/include/pcl/keypoints/impl/sift_keypoint.hpp,high,循环11处，关键点响应计算密集，建议优先优化
keypoints,36,24,4,20,66.7%,keypoints/src/brisk_2d.cpp,high,循环34处，关键点响应计算密集，建议优先优化
keypoints,36,24,4,20,66.7%,keypoints/src/narf_keypoint.cpp,high,循环48处，关键点响应计算密集，建议优先优化
keypoints,36,24,4,20,66.7%,keypoints/include/pcl/keypoints/agast_2d.h,mid,存在可向量化路径（循环0，数学项94），建议次优先
keypoints,36,24,4,20,66.7%,keypoints/include/pcl/keypoints/brisk_2d.h,mid,存在可向量化路径（循环0，数学项41），建议次优先
keypoints,36,24,4,20,66.7%,keypoints/include/pcl/keypoints/harris_2d.h,mid,存在可向量化路径（循环0，数学项22），建议次优先
keypoints,36,24,4,20,66.7%,keypoints/include/pcl/keypoints/harris_3d.h,mid,存在可向量化路径（循环0，数学项27），建议次优先
keypoints,36,24,4,20,66.7%,keypoints/include/pcl/keypoints/harris_6d.h,mid,存在可向量化路径（循环0，数学项20），建议次优先
keypoints,36,24,4,20,66.7%,keypoints/include/pcl/keypoints/impl/harris_2d.hpp,mid,存在可向量化路径（循环14，数学项3），建议次优先
keypoints,36,24,4,20,66.7%,keypoints/include/pcl/keypoints/impl/harris_6d.hpp,mid,存在可向量化路径（循环10，数学项88），建议次优先
keypoints,36,24,4,20,66.7%,keypoints/include/pcl/keypoints/impl/iss_3d.hpp,mid,存在可向量化路径（循环14，数学项16），建议次优先
keypoints,36,24,4,20,66.7%,keypoints/include/pcl/keypoints/impl/smoothed_surfaces_keypoint.hpp,mid,存在可向量化路径（循环11，数学项5），建议次优先
keypoints,36,24,4,20,66.7%,keypoints/include/pcl/keypoints/impl/susan.hpp,mid,存在可向量化路径（循环7，数学项71），建议次优先
keypoints,36,24,4,20,66.7%,keypoints/include/pcl/keypoints/impl/trajkovic_2d.hpp,mid,存在可向量化路径（循环7，数学项0），建议次优先
keypoints,36,24,4,20,66.7%,keypoints/include/pcl/keypoints/impl/trajkovic_3d.hpp,mid,存在可向量化路径（循环7，数学项10），建议次优先
keypoints,36,24,4,20,66.7%,keypoints/include/pcl/keypoints/iss_3d.h,mid,存在可向量化路径（循环0，数学项16），建议次优先
keypoints,36,24,4,20,66.7%,keypoints/include/pcl/keypoints/keypoint.h,mid,存在可向量化路径（循环0，数学项8），建议次优先
keypoints,36,24,4,20,66.7%,keypoints/include/pcl/keypoints/sift_keypoint.h,mid,存在可向量化路径（循环0，数学项15），建议次优先
keypoints,36,24,4,20,66.7%,keypoints/include/pcl/keypoints/smoothed_surfaces_keypoint.h,mid,存在可向量化路径（循环0，数学项10），建议次优先
keypoints,36,24,4,20,66.7%,keypoints/include/pcl/keypoints/susan.h,mid,存在可向量化路径（循环0，数学项29），建议次优先
keypoints,36,24,4,20,66.7%,keypoints/include/pcl/keypoints/trajkovic_2d.h,mid,存在可向量化路径（循环0，数学项13），建议次优先
keypoints,36,24,4,20,66.7%,keypoints/include/pcl/keypoints/trajkovic_3d.h,mid,存在可向量化路径（循环0，数学项19），建议次优先
keypoints,36,24,4,20,66.7%,keypoints/src/agast_2d.cpp,mid,存在可向量化路径（循环20，数学项45），建议次优先
tracking,30,22,2,20,73.3%,tracking/include/pcl/tracking/impl/particle_filter.hpp,high,循环21处，跟踪状态估计计算密集，建议优先优化
tracking,30,22,2,20,73.3%,tracking/include/pcl/tracking/impl/pyramidal_klt.hpp,high,循环27处，跟踪状态估计计算密集，建议优先优化
tracking,30,22,2,20,73.3%,tracking/include/pcl/tracking/approx_nearest_pair_point_cloud_coherence.h,mid,存在可向量化路径（循环0，数学项7），建议次优先
tracking,30,22,2,20,73.3%,tracking/include/pcl/tracking/coherence.h,mid,存在可向量化路径（循环0，数学项20），建议次优先
tracking,30,22,2,20,73.3%,tracking/include/pcl/tracking/distance_coherence.h,mid,存在可向量化路径（循环0，数学项14），建议次优先
tracking,30,22,2,20,73.3%,tracking/include/pcl/tracking/hsv_color_coherence.h,mid,存在可向量化路径（循环0，数学项22），建议次优先
tracking,30,22,2,20,73.3%,tracking/include/pcl/tracking/impl/approx_nearest_pair_point_cloud_coherence.hpp,mid,存在可向量化路径（循环3，数学项6），建议次优先
tracking,30,22,2,20,73.3%,tracking/include/pcl/tracking/impl/coherence.hpp,mid,存在可向量化路径（循环1，数学项8），建议次优先
tracking,30,22,2,20,73.3%,tracking/include/pcl/tracking/impl/kld_adaptive_particle_filter.hpp,mid,存在可向量化路径（循环4，数学项5），建议次优先
tracking,30,22,2,20,73.3%,tracking/include/pcl/tracking/impl/kld_adaptive_particle_filter_omp.hpp,mid,存在可向量化路径（循环6，数学项4），建议次优先
tracking,30,22,2,20,73.3%,tracking/include/pcl/tracking/impl/nearest_pair_point_cloud_coherence.hpp,mid,存在可向量化路径（循环3，数学项7），建议次优先
tracking,30,22,2,20,73.3%,tracking/include/pcl/tracking/impl/particle_filter_omp.hpp,mid,存在可向量化路径（循环6，数学项4），建议次优先
tracking,30,22,2,20,73.3%,tracking/include/pcl/tracking/impl/tracking.hpp,mid,存在可向量化路径（循环5，数学项74），建议次优先
tracking,30,22,2,20,73.3%,tracking/include/pcl/tracking/kld_adaptive_particle_filter.h,mid,存在可向量化路径（循环3，数学项20），建议次优先
tracking,30,22,2,20,73.3%,tracking/include/pcl/tracking/kld_adaptive_particle_filter_omp.h,mid,存在可向量化路径（循环0，数学项18），建议次优先
tracking,30,22,2,20,73.3%,tracking/include/pcl/tracking/nearest_pair_point_cloud_coherence.h,mid,存在可向量化路径（循环0，数学项13），建议次优先
tracking,30,22,2,20,73.3%,tracking/include/pcl/tracking/normal_coherence.h,mid,存在可向量化路径（循环0，数学项14），建议次优先
tracking,30,22,2,20,73.3%,tracking/include/pcl/tracking/particle_filter.h,mid,存在可向量化路径（循环0，数学项64），建议次优先
tracking,30,22,2,20,73.3%,tracking/include/pcl/tracking/particle_filter_omp.h,mid,存在可向量化路径（循环0，数学项18），建议次优先
tracking,30,22,2,20,73.3%,tracking/include/pcl/tracking/pyramidal_klt.h,mid,存在可向量化路径（循环0，数学项42），建议次优先
tracking,30,22,2,20,73.3%,tracking/include/pcl/tracking/tracker.h,mid,存在可向量化路径（循环0，数学项9），建议次优先
tracking,30,22,2,20,73.3%,tracking/include/pcl/tracking/tracking.h,mid,存在可向量化路径（循环0，数学项22），建议次优先
kdtree,6,5,2,3,83.3%,kdtree/include/pcl/kdtree/impl/kdtree_flann.hpp,high,循环6处，树查询/索引核心路径，建议优先优化
kdtree,6,5,2,3,83.3%,kdtree/include/pcl/kdtree/kdtree.h,high,循环0处，树查询/索引核心路径，建议优先优化
kdtree,6,5,2,3,83.3%,kdtree/include/pcl/kdtree/impl/io.hpp,mid,存在可向量化路径（循环2，分支0），建议次优先
kdtree,6,5,2,3,83.3%,kdtree/include/pcl/kdtree/io.h,mid,存在可向量化路径（循环0，分支0），建议次优先
kdtree,6,5,2,3,83.3%,kdtree/include/pcl/kdtree/kdtree_flann.h,mid,存在可向量化路径（循环0，分支8），建议次优先
geometry,17,5,1,4,29.4%,geometry/include/pcl/geometry/mesh_base.h,high,循环29处，几何拓扑/邻接核心路径，建议优先优化
geometry,17,5,1,4,29.4%,geometry/include/pcl/geometry/impl/polygon_operations.hpp,mid,存在可向量化路径（循环12，分支17），建议次优先
geometry,17,5,1,4,29.4%,geometry/include/pcl/geometry/mesh_conversion.h,mid,存在可向量化路径（循环5，分支1），建议次优先
geometry,17,5,1,4,29.4%,geometry/include/pcl/geometry/mesh_io.h,mid,存在可向量化路径（循环6，分支18），建议次优先
geometry,17,5,1,4,29.4%,geometry/include/pcl/geometry/polygon_operations.h,mid,存在可向量化路径（循环0，分支4），建议次优先
search,21,11,3,8,52.4%,search/include/pcl/search/impl/search.hpp,high,循环6处，查询/检索核心路径，建议优先优化
search,21,11,3,8,52.4%,search/include/pcl/search/kdtree_nanoflann.h,high,循环10处，查询/检索核心路径，建议优先优化
search,21,11,3,8,52.4%,search/include/pcl/search/search.h,high,循环4处，查询/检索核心路径，建议优先优化
search,21,11,3,8,52.4%,search/include/pcl/search/auto.h,mid,存在可向量化路径（循环0，分支0），建议次优先
search,21,11,3,8,52.4%,search/include/pcl/search/brute_force.h,mid,存在可向量化路径（循环0，分支1），建议次优先
search,21,11,3,8,52.4%,search/include/pcl/search/flann_search.h,mid,存在可向量化路径（循环0，分支4），建议次优先
search,21,11,3,8,52.4%,search/include/pcl/search/impl/brute_force.hpp,mid,存在可向量化路径（循环14，分支35），建议次优先
search,21,11,3,8,52.4%,search/include/pcl/search/impl/flann_search.hpp,mid,存在可向量化路径（循环16，分支29），建议次优先
search,21,11,3,8,52.4%,search/include/pcl/search/impl/organized.hpp,mid,存在可向量化路径（循环11，分支32），建议次优先
search,21,11,3,8,52.4%,search/include/pcl/search/kdtree.h,mid,存在可向量化路径（循环0，分支3），建议次优先
search,21,11,3,8,52.4%,search/include/pcl/search/organized.h,mid,存在可向量化路径（循环3，分支16），建议次优先
ml,42,16,4,12,38.1%,ml/include/pcl/ml/impl/dt/decision_tree_trainer.hpp,high,循环8处，学习/推断核心路径，建议优先优化
ml,42,16,4,12,38.1%,ml/src/permutohedral.cpp,high,循环62处，学习/推断核心路径，建议优先优化
ml,42,16,4,12,38.1%,ml/src/svm.cpp,high,循环189处，学习/推断核心路径，建议优先优化
ml,42,16,4,12,38.1%,ml/src/svm_wrapper.cpp,high,循环34处，学习/推断核心路径，建议优先优化
ml,42,16,4,12,38.1%,ml/include/pcl/ml/ferns/fern.h,mid,存在可向量化路径（循环6，分支0），建议次优先
ml,42,16,4,12,38.1%,ml/include/pcl/ml/impl/dt/decision_forest_evaluator.hpp,mid,存在可向量化路径（循环3，分支0），建议次优先
ml,42,16,4,12,38.1%,ml/include/pcl/ml/impl/dt/decision_tree_evaluator.hpp,mid,存在可向量化路径（循环7，分支0），建议次优先
ml,42,16,4,12,38.1%,ml/include/pcl/ml/impl/ferns/fern_evaluator.hpp,mid,存在可向量化路径（循环9，分支0），建议次优先
ml,42,16,4,12,38.1%,ml/include/pcl/ml/impl/ferns/fern_trainer.hpp,mid,存在可向量化路径（循环16，分支3），建议次优先
ml,42,16,4,12,38.1%,ml/include/pcl/ml/impl/kmeans.hpp,mid,存在可向量化路径（循环2，分支10），建议次优先
ml,42,16,4,12,38.1%,ml/include/pcl/ml/kmeans.h,mid,存在可向量化路径（循环1，分支2），建议次优先
ml,42,16,4,12,38.1%,ml/include/pcl/ml/regression_variance_stats_estimator.h,mid,存在可向量化路径（循环8，分支1），建议次优先
ml,42,16,4,12,38.1%,ml/include/pcl/ml/svm_wrapper.h,mid,存在可向量化路径（循环3，分支21），建议次优先
ml,42,16,4,12,38.1%,ml/src/densecrf.cpp,mid,存在可向量化路径（循环17，分支6），建议次优先
ml,42,16,4,12,38.1%,ml/src/kmeans.cpp,mid,存在可向量化路径（循环13，分支13），建议次优先
ml,42,16,4,12,38.1%,ml/src/pairwise_potential.cpp,mid,存在可向量化路径（循环7，分支2），建议次优先
stereo,11,6,1,5,54.5%,stereo/src/stereo_matching.cpp,high,循环33处，双目匹配核心路径，建议优先优化
stereo,11,6,1,5,54.5%,stereo/include/pcl/stereo/impl/disparity_map_converter.hpp,mid,存在可向量化路径（循环4，分支5），建议次优先
stereo,11,6,1,5,54.5%,stereo/include/pcl/stereo/stereo_matching.h,mid,存在可向量化路径（循环0，分支5），建议次优先
stereo,11,6,1,5,54.5%,stereo/src/digital_elevation_map.cpp,mid,存在可向量化路径（循环4，分支5），建议次优先
stereo,11,6,1,5,54.5%,stereo/src/stereo_adaptive_cost_so.cpp,mid,存在可向量化路径（循环20，分支6），建议次优先
stereo,11,6,1,5,54.5%,stereo/src/stereo_block_based.cpp,mid,存在可向量化路径（循环13，分支4），建议次优先
octree,27,13,3,10,48.1%,octree/include/pcl/octree/impl/octree2buf_base.hpp,high,循环7处，树遍历/查询核心路径，建议优先优化
octree,27,13,3,10,48.1%,octree/include/pcl/octree/impl/octree_search.hpp,high,循环12处，树遍历/查询核心路径，建议优先优化
octree,27,13,3,10,48.1%,octree/include/pcl/octree/octree_search.h,high,循环0处，树遍历/查询核心路径，建议优先优化
octree,27,13,3,10,48.1%,octree/include/pcl/octree/impl/octree_base.hpp,mid,存在可向量化路径（循环3，分支29），建议次优先
octree,27,13,3,10,48.1%,octree/include/pcl/octree/impl/octree_iterator.hpp,mid,存在可向量化路径（循环5，分支19），建议次优先
octree,27,13,3,10,48.1%,octree/include/pcl/octree/impl/octree_pointcloud.hpp,mid,存在可向量化路径（循环7，分支26），建议次优先
octree,27,13,3,10,48.1%,octree/include/pcl/octree/impl/octree_pointcloud_adjacency.hpp,mid,存在可向量化路径（循环9，分支17），建议次优先
octree,27,13,3,10,48.1%,octree/include/pcl/octree/octree2buf_base.h,mid,存在可向量化路径（循环7，分支26），建议次优先
octree,27,13,3,10,48.1%,octree/include/pcl/octree/octree_base.h,mid,存在可向量化路径（循环2，分支11），建议次优先
octree,27,13,3,10,48.1%,octree/include/pcl/octree/octree_iterator.h,mid,存在可向量化路径（循环1，分支16），建议次优先
octree,27,13,3,10,48.1%,octree/include/pcl/octree/octree_pointcloud.h,mid,存在可向量化路径（循环0，分支12），建议次优先
octree,27,13,3,10,48.1%,octree/include/pcl/octree/octree_pointcloud_adjacency.h,mid,存在可向量化路径（循环0，分支3），建议次优先
octree,27,13,3,10,48.1%,octree/include/pcl/octree/octree_pointcloud_voxelcentroid.h,mid,存在可向量化路径（循环0，分支3），建议次优先
